id	text	link_occurrences	weighted_chain_uses
511	عن	696505	833682
323	حدثنا	544995	619613
80	أخبرنا	90493	103259
661	نا	51518	56768
345	حدثني	43935	47321
217	أنبأ	30934	32365
104	أخبرني	25357	27918
476	سمعت	24134	26526
210	أنا	19934	21294
534	قال	17153	19096
206	أن	12003	13404
1197	في حكم العنعنة	11025	12221
6	أبنا	11095	11574
473	سمع	8090	9256
1196	صريح في السماع	6260	6479
111	أخبره 	5135	5394
716	يحدث عن	4752	5304
355	حدثه	4904	5271
462	سألت	4303	4998
516	فقال	3904	3974
117	أخبرهم	3279	3434
602	قلت	1807	2663
226	أنبأنا	2470	2575
421	رأيت	2347	2518
62	أخبرتهم	1424	1472
316	حدثتني	1202	1309
576	قرأت على	884	1116
456	سأل	1019	1082
358	حدثهم	994	1048
546	قالت	964	1004
1198	في حكم السماع	961	977
123	أخبرهم قراءة عليه	919	932
457	سئل	816	903
542	قال لي	726	842
59	أخبرته	719	753
67	أخبرك	671	691
560	قرئ على	654	677
474	سمعا	621	653
324	حدثنا إملاء	609	616
616	كتب	469	513
58	أخبرتني	428	454
344	حدثنى	434	444
766	يقول	383	386
317	حدثته	342	358
302	حدث	340	354
496	شهدت	327	341
207	إن	327	332
42	أخبراه	299	311
713	يحدث	303	309
307	حدثاه	289	301
730	يخبر عن	284	290
517	فقالت	282	284
405	ذكر	256	271
265	بلغني	227	254
134	أخبرهم وهو حاضر	243	247
86	أخبرنا بقراءتي عليه	237	246
593	قراءة عليه وأنا أسمع	181	245
482	سمعنا	225	239
75	أخبركم قراءة عليه وأنت تسمع	222	222
11776	??	219	219
741	يذكر عن	213	216
315	حدثتنا	195	214
128	أخبرهم قراءة عليه وهو حاضر	202	205
310	حدثت	191	198
419	رأى	193	197
468	سألنا	190	194
356	حدثه عن	180	182
230	أنبأني	165	171
13901	??	162	162
539	قال له	158	158
618	كتب إلي	149	152
484	سمعه	149	151
45	أخبرت	136	146
608	قيل	132	139
311	حدثت عن	127	139
135	أخبرهما	128	138
396	خطب	135	135
22	أتيت	126	130
266	بلغه	119	124
69	أخبركم	120	122
545	قالا	121	121
242	أنه رأى	119	121
719	يحدثان	115	117
90	أخبرنا قراءة عليه	115	115
65	أخبرتهم قراءة عليها	113	114
239	أنه	111	114
485	سمعوا	107	113
322	حدثكم	110	112
489	شهد	110	111
648	لقيت	110	110
693	وجدت في كتاب 	107	109
673	نبئت	101	108
518	فكتب إليه	105	107
449	زعم	96	106
95	أخبرنا قراءة عليه ونحن نسمع	94	103
47	أخبرت عن	90	99
179	أشهد	93	98
605	قلنا	95	96
413	ذكرت	92	92
538	قال لنا	90	92
91	أخبرنا قراءة عليه وأنا أسمع	81	91
321	حدثك	82	88
911	ثنا إملاء	86	87
570	قرئ وأنا أسمع	82	82
271	تحدث عن	80	82
305	حدثانا	79	79
61	أخبرتها	78	79
725	يحدثون	68	77
360	حدثهما	70	75
13105	??	61	75
74	أخبركم قراءة عليه	70	74
231	أنبأني إجازة	72	73
510	عمن	61	73
558	قرأ على	66	72
760	يسأل	68	69
215	أنا قراءة عليه	68	68
318	حدثتها	62	68
81	أخبرنا إجازة	67	67
39	أخبر	65	66
552	قالوا	61	62
87	أخبرنا في كتابه	61	61
592	قراءة عليه	58	61
550	قالت لي	55	56
303	حدث عن	54	56
3889	??	52	56
401	دخلت على	54	55
100	أخبرنا من أصل كتابه	53	53
173	أسمعت	48	51
676	نبا	50	50
339	حدثنا من أصل كتابه	48	50
29	أجاز لي	48	49
23	أتينا	47	49
628	كتبت إلى	36	44
15071	??	43	43
10	أبنا قراءة عليه	42	42
83	أخبرنا إملاء	42	42
54	أخبرتنا	41	41
714	يحدث أن	41	41
32	أحدثكم	39	41
589	قرأنا على	40	40
407	ذكر عن	39	40
6116	??	39	39
537	قال قراءة عليه وأنا أسمع	38	39
463	سئلت	35	39
99	أخبرنا من أصل سماعه	38	38
264	بلغنا	38	38
747	يرده إلى	37	38
620	كتب إلينا	35	37
622	كتب إليه	35	37
695	وجدت في كتابي	31	36
4805	??	35	35
31	أحدثك	33	33
341	حدثنا من كتابه	32	33
1070	قرئ عليه وأنا أسمع	31	32
513	عن حديث	31	31
486	سمعوه	27	31
53	أخبرتكم قراءة عليها وأنت تسمع	22	31
101	أخبرنا من أصله	30	30
13	أتانا كتاب	29	30
66	أخبرتهما	22	30
728	يخبر أن	28	29
43	أخبراهم	28	28
610	كان	28	28
617	كتب إلى	28	28
382	حفظناه من	25	28
233	أنبأه	27	27
470	سألوا	27	27
627	كتبت	26	27
76	أخبركم قراءة عليه وأنت حاضر	26	26
365	حدثوه	26	26
202	أملى علي	24	26
20	أتى	25	25
590	قراءة	25	25
532	فيما قرئ عليه	23	25
89	أخبرنا قراءة	24	24
125	أخبرهم قراءة عليه وهم يسمعون	24	24
603	قلت له	24	24
309	حدثاهم	23	23
375	حفظته	23	23
2577	??	22	22
529	فيما قرأ على	21	22
102	أخبرنا من كتابه	20	22
118	أخبرهم إجازة	21	21
386	حكاية عن	21	21
492	شهد عندي	21	21
720	يحدثنا	21	21
357	حدثها	20	21
727	يخبر	20	21
44	أخبراهم قراءة عليهما	20	20
224	أنبئت 	20	20
362	حدثونا	20	20
77	أخبركم قراءة عليه وأنتم تسمعون	19	19
170	أسأله	19	19
334	حدثنا قراءة عليه	19	19
586	قرأته على	19	19
326	حدثنا إملاء وقراءة	18	19
181	أظنه عن	18	18
237	أنبا	18	18
284	تقول	18	18
722	يحدثني	18	18
12982	??	18	18
15110	??	18	18
0	غير محدد	17	17
157	أدركت	17	17
556	قرأ	17	17
581	قرأت في كتاب	17	17
1173	وجدت في كتابه بخطه	17	17
204	أملى علينا	16	16
268	بنا	16	16
319	حدثتهم	16	16
461	سألا	16	16
475	سمعاه	16	16
770	يقولون	16	16
295	جاءنا كتاب	15	16
415	ذكره	15	16
561	قرأ علينا	15	16
613	كتاب	15	16
769	يقولان	14	16
98	أخبرنا كتابة	15	15
119	أخبرهم إجازة إن لم يكن سماعا	15	15
402	دخلنا على	15	15
746	يرده	15	15
52	أخبرتكم قراءة عليها	13	15
212	أنا إملاء	14	14
269	تحدث	14	14
335	حدثنا قراءة عليه وأنا أسمع	14	14
348	حدثني من أصل كتابه	14	14
9712	??	14	14
585	قرأت كتاب	13	14
209	أن في كتاب	11	14
108	أخبرني من أصل كتابه	13	13
411	ذكر لي	13	13
739	يذكر	13	13
928	ثنا من كتابه	13	13
3741	??	13	13
12391	??	13	13
568	قرأ كتاب	10	13
1044	عنه قراءة	9	13
60	أخبرته عن	12	12
71	أخبركم إجازة	12	12
139	أخبروني	12	12
140	أخبروه	12	12
340	حدثنا من أصله	12	12
682	نشهد على	12	12
690	وجد كتابا في كتب آبائه هذا ما رفع أو ذكر	12	12
721	يحدثنا عن	12	12
12198	??	12	12
469	سألني	11	12
626	كتب له	7	12
36	أحسبه عن	11	11
432	رده إلى	11	11
524	في كتاب	11	11
574	قرأت	11	11
640	كنت عند	11	11
657	من أصله	11	11
662	نا إملاء	11	11
723	يحدثه	11	11
926	ثنا من أصل كتابه	11	11
1076	قرئ عليه ونحن نسمع	11	11
167	أسأل	10	11
427	رأينا	9	11
442	رفعه إلى	9	11
49	أخبرتاه	10	10
172	أسمع 	10	10
304	حدثا	10	10
724	يحدثهم	10	10
877	أنبأ قراءة عليه	10	10
1176	وجدت هذا الحديث في كتاب بخط يده	10	10
27	أجاز لنا	8	10
562	قرئ علينا	8	10
364	حدثوني عن	7	10
82	أخبرنا إذنا	9	9
198	أمرني	9	9
199	إملاء	9	9
263	بلغ	9	9
366	حدثوهم	9	9
631	كتبنا إلى	9	9
650	لقيني	9	9
715	يحدث به عن	9	9
757	يزعم	9	9
844	أعطاني كتبا	9	9
15074	??	9	9
7	أبنا إجازة	8	8
144	أخذ	8	8
176	أسمعه	8	8
219	أنبأ إملاء	8	8
418	رأت	8	8
453	زعموا أن	8	8
466	سألتهما	8	8
494	شهدا	8	8
540	قال لها	8	8
701	وجدنا في كتاب	8	8
975	حدثنا وكتبته من أصله	8	8
1073	قرئ عليه وأنا شاهد	8	8
515	عن كتاب	5	8
73	أخبركم فأقر به	7	7
159	أذكر	7	7
186	أقرأني	7	7
193	إلى	7	7
200	أملاه علي	7	7
267	بن	7	7
390	خبرنا	7	7
445	روى	7	7
691	وجدت	7	7
915	ثنا إملاء من كتابه	7	7
990	حدثني من كتابه	7	7
1074	قرئ عليه وأنا نسمع	7	7
5495	??	7	7
12390	??	7	7
460	سئل وأنا أسمع	6	7
755	يروي عن	6	7
64	أخبرتهم قراءة عليه	6	6
94	أخبرنا قراءة عليه واللفظ له وأنا أسمع	6	6
114	أخبره قراءة عليه	6	6
122	أخبرهم قراءة	6	6
133	أخبرهم وهما حاضران	6	6
141	أخبروهم	6	6
244	أنها	6	6
248	أوصى	6	6
249	ابنا	6	6
286	تقولان	6	6
320	حدثتهما	6	6
361	حدثوا	6	6
367	حدثيني	6	6
459	سأل وأنا أسمع	6	6
478	سمعتا	6	6
491	شهد على	6	6
501	صحبت	6	6
508	علمني	6	6
530	فيما قرئ على	6	6
543	قال وأنا أسمع	6	6
547	قالت لنا	6	6
565	قرئ عليهما وهم يسمعون	6	6
598	قراءة عليه وهو حاضر	6	6
641	كنت مع	6	6
649	لقينا	6	6
677	نسأل	6	6
702	وجدنا في كتب	6	6
704	وجدوا في كتاب	6	6
733	يخبره	6	6
754	يروى عن	6	6
764	يشهدان على	6	6
957	حدثنا أملى من كتابه	6	6
1124	كتب يخبرني في كتابه	6	6
2332	??	6	6
564	قرئ عليه	5	6
551	قالتا	4	6
674	نبأني	4	6
3	أبصرت	5	5
9	أبنا فيما قرأت عليه	5	5
63	أخبرتهم  قراءة عليها وهم يسمعون	5	5
84	أخبرنا إملاء وقراءة	5	5
129	أخبرهم قراءة عليه وهو يسمع	5	5
143	أخبريني	5	5
213	أنا حدثت	5	5
220	أنبأ من أصل كتابه	5	5
222	أنبأ من كتابه	5	5
235	أنبأهم	5	5
290	جاء رجل إلى	5	5
312	حدثتا	5	5
338	حدثنا مما قرئ عليه وأنا أسمع	5	5
363	حدثوني	5	5
410	ذكر لنا	5	5
423	رأيت في كتاب	5	5
514	عن فيما قرأ عليه	5	5
548	قالت له	5	5
557	قرأ القرآن على	5	5
685	وأنا أسمع	5	5
726	يحكي عن	5	5
745	يرد الحديث إلى	5	5
752	يرفعه إلى	5	5
772	أبنا إملاء	5	5
777	أبنا قراءة عليه وأنا أسمع	5	5
870	أنا قراءة عليه وأنا أسمع	5	5
1058	قثنا إملاء	5	5
12426	??	5	5
313	حدثتك	4	5
503	عرض على	4	5
14	أتاني	4	4
41	أخبراني	4	4
46	أخبرت به	4	4
78	أخبركم وأنت حاضر	4	4
106	أخبرني قراءة عليه	4	4
110	أخبرنيه إجازة	4	4
137	أخبروا	4	4
148	أخذت منه كتابا	4	4
164	أرسلني	4	4
189	أقرأنيها	4	4
197	أمرنا	4	4
203	أملى علي من حفظه	4	4
272	تحدثا	4	4
280	تذاكرنا	4	4
287	ثبتني	4	4
288	جئت	4	4
306	حدثاني	4	4
328	حدثنا أملاه علينا من كتابه	4	4
332	حدثنا قراءة	4	4
398	دخل على	4	4
400	دخلت	4	4
452	زعمت	4	4
471	سل	4	4
483	سمعني	4	4
500	صحب	4	4
536	قال قال	4	4
541	قال لهم	4	4
549	قالت لها	4	4
554	قدم علينا	4	4
588	قرأته في أصل	4	4
667	نا وقرأه علي من كتابه	4	4
684	هذا كتاب	4	4
711	يتحدث عن	4	4
732	يخبرني	4	4
737	يخبرون عن	4	4
740	يذكر أن	4	4
743	يذكرون عن	4	4
750	يرفع الحديث فيما أرى إلى	4	4
751	يرفعه	4	4
790	أخبرتنا بقراءتي عليها	4	4
943	حدثكم قراءة عليه	4	4
949	حدثنا إملاء من حفظه	4	4
950	حدثنا إملاء من كتابه	4	4
954	حدثنا أملاه علينا	4	4
1121	كتب يحدثني	4	4
1122	كتب يخبر	4	4
3447	??	4	4
6279	??	4	4
10935	??	4	4
372	حفظت	3	4
437	رفع الحديث	3	4
582	قرأت في كتاب أبي بخطه ولم أسمعه منه	3	4
599	قراءة عن	3	4
966	حدثنا من حفظه	3	4
88	أخبرنا في كتابيهما	2	4
8	أبنا إملاء من حفظه	3	3
19	أتوا	3	3
21	أتي	3	3
33	أحدثنكم	3	3
55	أخبرتنا إجازة	3	3
70	أخبركم  قراءة عليه	3	3
97	أخبرنا قراءة ونحن نسمع	3	3
113	أخبره أو سمعه	3	3
127	أخبرهم قراءة عليه وهما حاضران وهي تسمع	3	3
142	أخبروهم قراءة عليهم	3	3
146	أخذت	3	3
153	أخرج إلي	3	3
169	أسألك	3	3
171	أسألها	3	3
188	أقرأنيه	3	3
201	أملى	3	3
211	أنا إجازة	3	3
260	بعثوا	3	3
270	تحدث به	3	3
273	تحدثنا	3	3
274	تحدثني	3	3
276	تحدثيني	3	3
277	تخبر	3	3
294	جاءنا	3	3
297	جاءه	3	3
298	جلست إلى	3	3
299	جلسنا إلى	3	3
331	حدثنا فيما قرئ عليه	3	3
333	حدثنا قراءة علينا من كتابه	3	3
336	حدثنا لفظا	3	3
346	حدثني إملاء	3	3
351	حدثني وكتبته بقلمي	3	3
352	حدثني وكتبه لي بخطه	3	3
374	حفظت من	3	3
376	حفظته عن	3	3
380	حفظناه	3	3
387	حكى لنا	3	3
391	خبرني	3	3
397	دخل	3	3
406	ذكر ذلك	3	3
420	رئي	3	3
434	رفع	3	3
440	رفعا ذلك إلى	3	3
441	رفعه	3	3
448	زادني	3	3
477	سمعت إملاء	3	3
488	شاهد	3	3
504	عرضت على	3	3
572	قرئ وأنا حاضر	3	3
604	قلت لها	3	3
606	قلنا له	3	3
612	كانت	3	3
624	كتب به إلي وقرأته عليه	3	3
634	كنا مع	3	3
637	كنت جالسا	3	3
665	نا من أصل كتابه	3	3
670	نبأ	3	3
736	يخبرون	3	3
738	يخطب	3	3
744	يرد إلى	3	3
758	يزعم أنه سمع	3	3
776	أبنا قراءة عليه من أصل سماعه	3	3
793	أخبركم قراءة عليهم	3	3
901	بينما هو جالس	3	3
913	ثنا إملاء من أصل كتابه	3	3
925	ثنا لفظا قراءة علينا من كتابه	3	3
937	حدث إملاء	3	3
947	حدثنا إملاء من أصل كتابه	3	3
960	حدثنا في كتابه	3	3
1009	دفع إلي كتابه فكتبت منه	3	3
1071	قرئ عليه وأنا أنظر في هذا الكتاب فأقر به	3	3
1078	قرئ ونحن نسمع	3	3
1119	كتب وقرأته عليه	3	3
1172	وجدت في كتابه بخط يده ولم أسمعه منه	3	3
14750	??	3	3
150	أخذت هذا الكتاب من	2	3
236	أنبئيني	2	3
1123	كتب يخبرني	2	3
38	أحفظه	1	3
1	أأخبرني	2	2
2	أبصر	2	2
4	أبصرنا	2	2
11	أبنا وأنا حاضر	2	2
12	أتانا	2	2
16	أتاهم كتاب	2	2
40	أخبرانا	2	2
48	أخبرتا	2	2
56	أخبرتنا في كتابها إلينا	2	2
57	أخبرتنا قراءة عليها	2	2
68	أخبرك قراءة عليه	2	2
79	أخبركما قراءة عليه	2	2
92	أخبرنا قراءة عليه وأنا نسمع	2	2
93	أخبرنا قراءة عليه واللفظ له	2	2
96	أخبرنا قراءة عليه ونحن نسمع بها	2	2
105	أخبرني فيما قرأت عليه من أصل كتابه	2	2
107	أخبرني قراءة عليه وأنا أسمع	2	2
109	أخبرني وكتب لي بخطه	2	2
115	أخبره قراءة عليه وهو حاضر	2	2
116	أخبرها	2	2
120	أخبرهم في كتابه	2	2
121	أخبرهم فيما قرئ عليه	2	2
126	أخبرهم قراءة عليه وهم يسمعون وأبا علي الحسن بن أحمد الحداد إجازة	2	2
130	أخبرهم قراءة عليهما	2	2
131	أخبرهم قراءة وهو حاضر	2	2
132	أخبرهم وكان فلان حاضرا	2	2
136	أخبرهما قراءة عليه	2	2
138	أخبرونا	2	2
149	أخذت هذا الكتاب	2	2
152	أخذها	2	2
158	أدركنا	2	2
160	أذكرت عن	2	2
161	أرسل	2	2
162	أرسل إلى	2	2
163	أرسلت إلي	2	2
180	أظن أني سمعت	2	2
185	أقرأ على	2	2
195	أمر	2	2
205	أملى كتابا	2	2
216	أنا وأنا حاضر أسمع	2	2
218	أنبأ إجازة	2	2
221	أنبأ من أصوله	2	2
245	أنهم	2	2
247	أوصت	2	2
261	بقراءتي عليه	2	2
275	تحدثهم	2	2
292	جاء كتاب	2	2
308	حدثاه أو حدثا	2	2
327	حدثنا أملاه علي من كتابه	2	2
329	حدثنا به ووجدت ذلك عندي مكتوبا	2	2
330	حدثنا حفظا	2	2
343	حدثنه	2	2
347	حدثني مشافهة	2	2
349	حدثني من أصل كتابه وأنا سألته	2	2
354	حدثنيه من أصل كتابه وأنا سألته	2	2
368	حضر	2	2
369	حضرت	2	2
377	حفظته من في	2	2
381	حفظناه عن	2	2
384	حفظي عن	2	2
395	خرجنا مع	2	2
404	ذاكرت	2	2
412	ذكرا عن	2	2
416	ذكروا	2	2
424	رأيت في كتاب غيري	2	2
425	رأيت في موضع آخر عندي	2	2
426	رأيت كتابا	2	2
431	رد الحديث حتى رده إلى	2	2
435	رفع إلى	2	2
438	رفع ذلك إلى	2	2
444	رواه	2	2
454	سأحدثكم	2	2
455	سأخبرك	2	2
467	سألن	2	2
490	شهد خطبة	2	2
495	شهدا على	2	2
506	علمتني	2	2
512	عن إملاء علي	2	2
521	في تفسير	2	2
526	في كتابهما	2	2
531	فيما قرأ علينا	2	2
559	قرأ علي	2	2
569	قرئ نحن نسمع	2	2
573	قرئ وأنا حاضر أسمع	2	2
577	قرأت عند	2	2
578	قرأت في أصل	2	2
583	قرأت في كتابه	2	2
595	قراءة عليه وأنت تسمع	2	2
596	قراءة عليه واللفظ له وأنا أسمع	2	2
600	قراءة وأنا أسمع	2	2
601	قصه لنا	2	2
633	كنا عند	2	2
639	كنت جالسا مع	2	2
646	لقن	2	2
647	لقي	2	2
652	محدثكم	2	2
655	من	2	2
658	من حدثك	2	2
660	مولى	2	2
664	نا فيما قرأت عليه	2	2
666	نا من لفظه	2	2
671	نبئ	2	2
675	نبؤوا عن	2	2
681	نشهد	2	2
698	وجدت في كتابي بخطي	2	2
705	يأتون	2	2
706	يأثر عن	2	2
707	يأثره عن	2	2
731	يخبرنا	2	2
742	يذكران	2	2
756	يرى	2	2
759	يزعمان	2	2
761	يسألون	2	2
763	يشهد به على	2	2
775	أبنا قراءة عليه في كتابه	2	2
787	أخبرتكم قراءة عليها وأنتم تسمعون	2	2
797	أخبرنا إجازة إن لم يكن سماعا	2	2
800	أخبرنا إملاء من كتابه	2	2
814	أخبرنا كتابه	2	2
815	أخبرنا لفظا	2	2
817	أخبرنا من أصل سماعه الصحيح قبل تغيره	2	2
823	أخبرني بقراءتي عليه	2	2
824	أخبرني فيما قرأت عليه	2	2
827	أخبرني من كتابه	2	2
830	أخذ بيدي فقال	2	2
831	أخذ هذه الرسالة	2	2
833	أخرج إلي كتابا	2	2
834	أذن لهم في الرواية	2	2
851	إملاء عليهم	2	2
857	??	2	2
917	ثنا أملاه علينا	2	2
923	ثنا قراءة عليه	2	2
941	حدثتكم	2	2
951	حدثنا إملاء وقراءة عليه	2	2
955	حدثنا أملى	2	2
963	حدثنا مذاكرة	2	2
970	حدثنا وأملاه علي	2	2
973	حدثنا وقرأته عليه	2	2
986	حدثني أملاه من كتابه	2	2
992	حدثني وأنا سألته	2	2
1016	زعم أنه كتبه	2	2
1023	سألت وحدثنا به	2	2
1041	عرضت كتابا	2	2
1043	عنه فيما قرئ عليه	2	2
1068	قرئ عليه من كتب منه ما حدث به ومنه ما قرئ عليه وكان هذا في الكتاب	2	2
1069	قرأ عليه وأنا أسمع	2	2
1072	قرئ عليه وأنا حاضر	2	2
1082	قرأت عليه	2	2
1090	قرأت كتابا معه	2	2
1177	وجدت هذا الحديث في كتاب بخطه	2	2
2500	??	2	2
3071	??	2	2
3182	??	2	2
3414	??	2	2
3976	??	2	2
5917	??	2	2
10859	??	2	2
252	استأذنت	1	2
507	علمنا	1	2
520	في الكتاب 	1	2
689	وجد في وصية	1	2
2638	??	3	1
5	أبصرني	1	1
15	أتاه كتاب عن	1	1
24	أتينا على	1	1
25	أثبت لنا	1	1
26	أثبت له كتاب عن	1	1
28	أجاز لهم	1	1
30	إجازة	1	1
34	أحسب أني سمعت	1	1
35	أحسبه	1	1
37	أحفظ	1	1
50	أخبرتكم	1	1
51	أخبرتكم فأقر به	1	1
72	أخبركم بقراءتك عليه	1	1
85	أخبرنا بقراءة أخي عليه وأنا أسمع	1	1
103	أخبرنا وكتب لي بخطه	1	1
112	أخبره أنه وجد صحيفة	1	1
124	أخبرهم قراءة عليه وأنت حاضر	1	1
145	أخذ بيدي	1	1
147	أخذت بيدك كما أخذ بيدي	1	1
151	أخذنا هذا الكتاب	1	1
154	أخرجت إلي	1	1
155	أداه عن	1	1
156	أدرك	1	1
168	أسألت	1	1
174	أسمعته من	1	1
175	أسمعك	1	1
177	أسند	1	1
178	أشرف عليهم	1	1
182	أعلمنا	1	1
183	أقبلت	1	1
184	أقبلت مع	1	1
191	ألا تحدثيني	1	1
192	ألم تسمع قول	1	1
194	أما سمعت	1	1
196	أمرتني	1	1
208	أن الذي يحدث	1	1
214	أنا فيما قرأت عليه من أصل سماعه	1	1
223	أنبأ وكتبه لي بخطه	1	1
225	أنبأته	1	1
227	أنبأنا حدثنا	1	1
228	أنبأنا حدثني	1	1
229	أنبأناه	1	1
232	أنبأني إجازة فيما لم يقرأ عليه	1	1
234	أنبأها	1	1
238	أنشدني	1	1
240	أنه بلغ	1	1
241	إنه حدثه	1	1
243	إنه سأل	1	1
246	أوصاني	1	1
250	اختصما إلى	1	1
251	اختصموا إلى	1	1
253	استفتى	1	1
254	استفتينا	1	1
255	اصطحبت	1	1
256	انطلقت إلى	1	1
259	بعثني	1	1
262	بكتاب	1	1
278	تخبرنا	1	1
281	تذكر عن	1	1
282	ترى	1	1
283	تسأله	1	1
285	تقول لهن	1	1
289	جاء إلى	1	1
291	جاء قوم إلى	1	1
293	جاءت	1	1
296	جاءني كتاب	1	1
300	جلسنا مع	1	1
301	حتى	1	1
314	حدثتك ما سمعت	1	1
325	حدثنا إملاء من لفظه	1	1
337	حدثنا لفظه	1	1
342	حدثننا	1	1
350	حدثني مناولة	1	1
353	حدثني وكتبه لي وأخرجه إلي	1	1
359	حدثهم حفظا	1	1
370	حفظ عن	1	1
371	حفظ من	1	1
373	حفظت عن	1	1
378	حفظنا 	1	1
379	حفظنا عن	1	1
383	حفظناه وإنما حفظ من	1	1
385	حكاه لنا	1	1
388	خبرت	1	1
389	خبرتني	1	1
392	خبره	1	1
393	خبرهم	1	1
394	خرجت مع	1	1
399	دخل عليه	1	1
403	دفع إلينا	1	1
408	ذكر عنده	1	1
414	ذكرنا	1	1
417	ذكروها	1	1
422	رأيت في أصل	1	1
428	ربما حدث به	1	1
429	ربما سمعت	1	1
430	رجعت إلى	1	1
433	رصدت	1	1
436	رفع أمره إلى	1	1
439	رفع عن	1	1
443	رفعوا ذلك إلى	1	1
446	روي	1	1
447	زاد	1	1
450	زعم أن	1	1
451	زعم لي	1	1
458	سئل عن	1	1
464	سألت أو سئل	1	1
465	سألتها فحدثت	1	1
472	سماعا	1	1
479	سمعته أو أخبرني	1	1
480	سمعته أو بلغني عنه	1	1
481	سمعته منه أو أخبرته	1	1
487	سيحدثني	1	1
493	شهد لي	1	1
497	شهدت كتاب	1	1
498	شهدته من	1	1
499	شهدوا 	1	1
502	ضفت	1	1
505	عرضنا على	1	1
509	علمه	1	1
519	في	1	1
522	في حديث	1	1
523	في صحيفة	1	1
525	في كتاب كتبه	1	1
527	فيما ذكر	1	1
528	فيما عرضنا على	1	1
533	قاضيت إلى	1	1
544	قال وقال لي	1	1
553	قام	1	1
555	قدم علينا كتاب	1	1
563	قرئ علينا كتابه	1	1
566	قرئ عن	1	1
567	قرأ في أصل	1	1
571	قرئ وأنا أسمع غير مرة	1	1
575	قرأت بخط	1	1
579	قرأت في بعض كتب	1	1
580	قرأت في صحيفة	1	1
584	قرأت قال فأخبرني	1	1
587	قرأته عليه	1	1
591	قراءة على	1	1
594	قراءة عليه وأنا أسمع في حديثه	1	1
597	قراءة عليه ونحن نسمع	1	1
607	قول	1	1
609	كاتب	1	1
611	كان في كتابه	1	1
614	كتابا من	1	1
615	كتابا وحلف عليه أنه خط	1	1
619	كتب إلي يحدثني	1	1
621	كتب إلينا فقرئ علينا كتابه	1	1
623	كتب إليه بخطي	1	1
625	كتب فقرأته	1	1
629	كتبت إلى فكتب إلي	1	1
630	كتبت عن	1	1
632	كنا جلوسا عند	1	1
635	كنا نسمع	1	1
636	كنت أسمع	1	1
638	كنت جالسا إلى	1	1
642	كيف سمعت	1	1
643	لا أعلمه إلا عن	1	1
644	لعله عن	1	1
645	لعلي قد سمعت	1	1
651	لقيه	1	1
654	مررت	1	1
656	من أخبرك	1	1
659	من كتاب	1	1
663	نا به	1	1
668	ناولنا	1	1
669	ناولني	1	1
672	نبأت	1	1
678	نسبه لنا	1	1
679	نسخ لي	1	1
680	نسخت من كتاب	1	1
683	نظرنا إلى	1	1
686	وثبتني فيه	1	1
687	وجد في كتاب	1	1
688	وجد في كتب	1	1
692	وجدت عندي في كتاب سمعته	1	1
694	وجدت في كتاب كان كتبه	1	1
696	وجدت في كتابي بخط يدي	1	1
697	وجدت في كتابي بخط يدي فيما نسخت من كتاب	1	1
699	وجدت في كتابي نا	1	1
700	وجدت كتابا	1	1
703	وجدنا كتابا	1	1
708	يبعثن إلى	1	1
709	يبلغ به	1	1
710	يبلغني عن	1	1
712	يتحدثون عن	1	1
717	يحدث لا أعلمه إلا عن	1	1
718	يحدث ولا أعلمه إلا عن	1	1
729	يخبر أو يحدث عن	1	1
734	يخبرهم	1	1
735	يخبرهم قراءة عليه	1	1
748	يرفع	1	1
749	يرفع الحديث	1	1
753	يرونه	1	1
762	يسمع	1	1
765	يقال	1	1
767	يقول قال لي	1	1
768	يقول لنا	1	1
771	أبتنا	1	1
773	أبنا بقراءتي عليه	1	1
774	أبنا قراءة عليه فأقر به وأنا أسمع	1	1
780	أجاز لكم	1	1
784	أحسبها عن	1	1
785	أخبرتكم قراءة عليه	1	1
786	أخبرتكم قراءة عليه وأنت تسمع	1	1
788	أخبرتكم قراءة عليها وهم يسمعون	1	1
789	أخبرتنا إذنا	1	1
791	أخبركم إجازة إن لم يكن سماعا	1	1
792	أخبركم إجازة إن لم يكن سماعا ونحن نسمع	1	1
794	أخبركم هبة الله قراءة عليه	1	1
795	أخبركم وأنت تسمع 	1	1
796	أخبركم وأنت حاضر تسمع	1	1
799	أخبرنا إملاء من حفظه	1	1
801	أخبرنا الإجازة	1	1
805	أخبرنا في كتابه إلينا	1	1
806	أخبرنا فيما قرئ عليه من كتاب معارض بأصله	1	1
807	أخبرنا فيما قرأت عليه من أصل كتابه	1	1
808	أخبرنا فيما قرأنا عليه من أصله	1	1
809	أخبرنا قرأت عليه من أصله	1	1
810	أخبرنا قراءة عليه من أصل كتابه	1	1
819	أخبرنا وكتبته من أصله	1	1
820	أخبرنا وكتبنا عنه	1	1
821	أخبرنا وكتبه لي بخطه	1	1
822	أخبرني إجازة	1	1
825	أخبرني فيما قرأته عليه	1	1
826	أخبرني فيما كتب إلي	1	1
828	أخبرهم بقراءته عليه	1	1
832	أخذنا مناولة وإجازة	1	1
838	أسمعت أم نبئت عنه	1	1
840	أظن أني قد سمعته	1	1
841	أظنه فيما سمعته وإلا فهو فيما أجاز لي	1	1
842	أعطاني كتابا	1	1
843	أعطاني كتابا أخبر أنه أخذه	1	1
848	ألا أحدثك	1	1
849	إما قراءة عليه وإما إجازة منه لنا	1	1
858	أملت علي	1	1
861	أنا أخبرهم وهو حاضر	1	1
862	أنا بقراءتي	1	1
867	أنا في إجازته	1	1
868	أنا في كتابه	1	1
869	أنا فيما أملاه	1	1
871	أنا قراءة عليه وأنت تسمع	1	1
872	أنبأ إملاء من حفظه	1	1
873	أنبأ أو فيما أجاز لي مشافهة	1	1
874	أنبأ في كتابه	1	1
875	أنبأ قرأت عليه	1	1
876	أنبأ قراءة	1	1
878	أنبأ قراءة عليه من أصله	1	1
879	أنبأ من أصل سماعه	1	1
882	أنبأنا قراءة عليه وأنا أسمع	1	1
884	أنبأني فيما لم يقرأ عليه إجازة	1	1
903	تسأل	1	1
910	ثنا إجازة	1	1
912	ثنا إملاء في كتابه	1	1
914	ثنا إملاء من أصله العتيق وأنا سألته	1	1
916	ثنا إملاء وقراءة	1	1
918	ثنا أملاه علينا من حفظه	1	1
919	ثنا أمله علينا	1	1
920	ثنا حفظا	1	1
922	ثنا قراءة	1	1
927	ثنا من أصله	1	1
929	ثنا من كتابه ومن حفظه	1	1
930	ثنا وكتبته من أصله	1	1
940	حدثت ولا أراني إلا قد سمعته	1	1
942	حدثكم إملاء	1	1
945	حدثنا إملاء علي من كتابه	1	1
946	حدثنا إملاء علينا من كتابه	1	1
948	حدثنا إملاء من أصله	1	1
952	حدثنا إملاء وقراءة عليه من أصل كتابه	1	1
953	حدثنا أملاه علي من كتابه الأصل	1	1
958	حدثنا أو قرئ عليه	1	1
959	حدثنا حفظا ومن الكتاب	1	1
964	حدثنا من أصل كتاب أبيه	1	1
965	حدثنا من أصل كتابه لفظا	1	1
967	حدثنا من كتابه ثم محاه بعد	1	1
968	حدثنا من لفظه	1	1
969	حدثنا وأخرجه إلينا من أصل كتابه	1	1
971	حدثنا وبعضه قرأت عليه	1	1
976	حدثنا ووجدته مكتوبا عندي بخطي	1	1
977	حدثنا ووجدنا هذه الأحاديث مكتوبة بخطي عنه	1	1
978	حدثناه من أصله	1	1
979	حدثني إملاء على	1	1
980	حدثني إملاء علي	1	1
981	حدثني إملاء على من كتابه الأصل	1	1
983	حدثني أملاه علي	1	1
984	حدثني أملاه علي من حفظه	1	1
985	حدثني أملاه علينا	1	1
987	حدثني لفظا	1	1
988	حدثني من أصل كتاب	1	1
989	حدثني من أصله	1	1
991	حدثني من كتابه العتيق	1	1
993	حدثني وكتب لي بيده وقرأه علي	1	1
999	حلف لي أنه خطه بيده	1	1
1007	دفع إلي كتابا	1	1
1008	دفع إلي كتابا ولم أسمعه منه	1	1
1017	زعم لنا	1	1
1021	سأل فأخبره	1	1
1030	سمعته منه فكتبنا منه	1	1
1032	سمعته يقول وجدت في كتابي بخط يدي وتقييدي وسماعي	1	1
1045	عنه قراءة عليه	1	1
1053	فيما أجاز لي	1	1
1054	فيما قرأت عليه	1	1
1057	قال وجدت في كتاب	1	1
1060	قدم على	1	1
1067	قرئ عليه أو سماع	1	1
1075	قرئ عليه وقيل له وفي كتابك	1	1
1077	قرئ وأنا شاهد	1	1
1083	قرأت عليه أنه بلغه	1	1
1084	قرأت عليه كتابا	1	1
1085	قرأت في أصل كتابه بخطه	1	1
1086	قرأت في أصله بخطه	1	1
1088	قرأت في كتابه بخط يده ولم أسمعه منه	1	1
1093	قرأت وقرئ عليه	1	1
1094	قرأته من سماعه	1	1
1098	قراءة عليه وأنا أسمع منه	1	1
1103	قلت خذ لي كتاب	1	1
1104	قلن	1	1
1106	كان في كتاب	1	1
1108	كان يقول	1	1
1112	كتب إلي أنه حدثه	1	1
1113	كتب إليه وأنا شاهد	1	1
1115	كتب بخط يده	1	1
1116	كتب بخطه	1	1
1120	كتب وقرأته عليه وسمعته يحدث	1	1
1125	كتب يسأل	1	1
1127	كتبت إليه فكتب إلي	1	1
1129	كتبنا	1	1
1130	??	1	1
1132	??	1	1
1157	نا من كتابه	1	1
1158	نا وأملاه علينا من كتابه	1	1
1160	ناولنا في كتابه بخطه أمرنا بانتساخه ليحدثنا به	1	1
1167	وجد في كتب أو في كتاب	1	1
1168	وجدت بخطه	1	1
1170	وجدت في كتابه بخط يده	1	1
1171	وجدت في كتابه بخط يده وأكبر علمي أني قد سمعته منه	1	1
1174	وجدت في كتابي عن راو ولم أسمعه منه	1	1
1175	وجدت هذا الحديث في كتاب	1	1
1178	وجدت هذه الأحاديث في كتابه بخط يده	1	1
1192	يرويه	1	1
1194	يكتب	1	1
1199	أنه بعث	1	1
1200	عمن سمع	1	1
1201	سمعت بشار بن أبي سيف يحدث	1	1
1202	حدثناه عنك	1	1
1611	??	1	1
1816	??	1	1
2081	??	1	1
2239	??	1	1
2249	??	1	1
2591	??	1	1
2594	??	1	1
2609	??	1	1
2636	??	1	1
2837	??	1	1
3098	??	1	1
3160	??	1	1
3320	??	1	1
3441	??	1	1
3562	??	1	1
3732	??	1	1
3834	??	1	1
3987	??	1	1
4035	??	1	1
4152	??	1	1
4385	??	1	1
4598	??	1	1
4744	??	1	1
4842	??	1	1
5093	??	1	1
5183	??	1	1
5754	??	1	1
5877	??	1	1
5974	??	1	1
5983	??	1	1
6006	??	1	1
6106	??	1	1
6385	??	1	1
6401	??	1	1
6513	??	1	1
7156	??	1	1
7179	??	1	1
7963	??	1	1
8830	??	1	1
11157	??	1	1
11590	??	1	1
12878	??	1	1
12925	??	1	1
13172	??	1	1
15079	??	1	1
16490	??	1	1
16703	??	1	1
16754	??	1	1
18519	??	1	1
20873	??	1	1
100081	??	1	1
103146	??	1	1
1851	??	2	0
5577	??	2	0
2533	??	1	0
